股票名稱,新聞標題,新聞摘要,Positive,Neutral,Negative,Sentiment,Impact Score,Surprise Score,Time Horizon,Classification,Confidence
鴻海,"鴻海營收／8月9,218億元為歷史次高、同期新高 受惠 AI 強勁拉貨","鴻海（2317）5日公布8月營收為9,218億元，創歷史次高、同期新高，月減2.61%，年增51.98%。今年累計前八月營收為6.51兆元，創同期新高，年增39.73%。

展望第3季，鴻海表示，第3季AI需求繼續成長，且ICT產品也進入下半年旺季，營運逐漸加溫，目前公司對於第3季的能見度優於前月，...",0.85,0.1,0.05,Bullish,82.0,65.0,Short-term,Signal,0.95
廣達,"鴻海營收／8月9,218億元為歷史次高、同期新高 受惠 AI 強勁拉貨","鴻海（2317）5日公布8月營收為9,218億元，創歷史次高、同期新高，月減2.61%，年增51.98%。今年累計前八月營收為6.51兆元，創同期新高，年增39.73%。

展望第3季，鴻海表示，第3季AI需求繼續成長，且ICT產品也進入下半年旺季，營運逐漸加溫，目前公司對於第3季的能見度優於前月，...",0.65,0.3,0.05,Bullish,55.0,35.0,Short-term,Signal,0.85
台積電,"鴻海營收／8月9,218億元為歷史次高、同期新高 受惠 AI 強勁拉貨","鴻海（2317）5日公布8月營收為9,218億元，創歷史次高、同期新高，月減2.61%，年增51.98%。今年累計前八月營收為6.51兆元，創同期新高，年增39.73%。

展望第3季，鴻海表示，第3季AI需求繼續成長，且ICT產品也進入下半年旺季，營運逐漸加溫，目前公司對於第3季的能見度優於前月，...",0.7,0.25,0.05,Bullish,58.0,35.0,Short-term,Signal,0.88
台積電,川普施壓 Fed 出新招 揚言不降息 就與貿易逆差國停止貿易,"美國總統川普4日在自家社群平台Truth Social發文，呼籲聯準會降低利率，否則他將停止與美國存在貿易逆差的國家進行貿易。

川普4日發文表示：「剛剛發布的就業數據太好了，打破了所有人的預期（除了我的以外！），8月就業人數增加16.2萬人。降低利率吧，因為美國的信用比不久之前好很多！一個強勁的國...",0.05,0.25,0.7,Bearish,75.0,40.0,Long-term,Signal,0.85
廣達,川普施壓 Fed 出新招 揚言不降息 就與貿易逆差國停止貿易,"美國總統川普4日在自家社群平台Truth Social發文，呼籲聯準會降低利率，否則他將停止與美國存在貿易逆差的國家進行貿易。

川普4日發文表示：「剛剛發布的就業數據太好了，打破了所有人的預期（除了我的以外！），8月就業人數增加16.2萬人。降低利率吧，因為美國的信用比不久之前好很多！一個強勁的國...",0.05,0.3,0.65,Bearish,65.0,35.0,Long-term,Signal,0.8
鴻海,川普施壓 Fed 出新招 揚言不降息 就與貿易逆差國停止貿易,"美國總統川普4日在自家社群平台Truth Social發文，呼籲聯準會降低利率，否則他將停止與美國存在貿易逆差的國家進行貿易。

川普4日發文表示：「剛剛發布的就業數據太好了，打破了所有人的預期（除了我的以外！），8月就業人數增加16.2萬人。降低利率吧，因為美國的信用比不久之前好很多！一個強勁的國...",0.05,0.35,0.6,Bearish,60.0,35.0,Long-term,Signal,0.8
鴻海,鴻海奪歐洲車廠代工大單 估年貢獻500億營收,鴻海集團旗下 MIH 電動車平台成功斬獲歐洲知名車廠代工大單，預計年產量達 10 萬輛，創下跨足電動車領域以來最大訂單紀錄。市場預估該訂單每年將挹注超過 500 億元營收。分析師表示，此舉展現其代工模式獲國際認可，未來可望吸引更多車廠合作，並帶動和碩、台達電等相關供應鏈成長。,0.85,0.12,0.03,Bullish,82.0,75.0,Long-term,Signal,0.9
台達電,鴻海奪歐洲車廠代工大單 估年貢獻500億營收,鴻海集團旗下 MIH 電動車平台成功斬獲歐洲知名車廠代工大單，預計年產量達 10 萬輛，創下跨足電動車領域以來最大訂單紀錄。市場預估該訂單每年將挹注超過 500 億元營收。分析師表示，此舉展現其代工模式獲國際認可，未來可望吸引更多車廠合作，並帶動和碩、台達電等相關供應鏈成長。,0.7,0.25,0.05,Bullish,55.0,40.0,Long-term,Signal,0.82
台積電,台積電建日本熊本第三廠 投資逾200億美元,台積電正式宣布將於日本熊本縣興建第三座晶圓廠，預估投資金額超過200億美元。新廠預計導入6奈米及7奈米製程，主要滿足全球車用半導體與工業應用晶片需求，並獲得日本政府高額補助，規劃於2027年量產。此舉將大幅強化台積電全球產能布局，同步帶動日本半導體供應鏈發展，激勵半導體族群股價全面走揚。,0.8,0.15,0.05,Bullish,82.0,68.0,Long-term,Signal,0.92
